id;label;post_code;address_line_1;address_line_2;city;main
1;mindshare Interactions Versatile;19816-5387;navigating Sports;needs-based Passage;Toledo;true
2;Cambridgeshire end-to-end;40472-2519;purple Credit Developer;Chile;New Olebury;true
3;Ports China;56381-3794;Pizza;interactive;Hintzview;true
4;Account;05022-6087;National initiative Loan;program transmit HTTP;South Dulce;true
5;Account Neck quantifying;78729;optical;Texas;Schaeferside;true
6;blue invoice;94556-1530;Identity calculate bus;calculate;New Bennett;true
7;time-frame;09461;Metal;Principal Personal;Pharr;false
8;Shoes;31832;compelling generating;Soft;Gleichnerhaven;true
9;Plastic compressing;83964;Marketing;Investor back Computers;Coachella;true
10;Extended copying optimize;99093;Rustic withdrawal Anguilla;Soft Beauty;Bernhardmouth;true
